{
  "_description": "Default model weights — every tunable coefficient in the simulation engine. These define the 'physics' of how a country's economy, demographics, and society interact. They are NOT tied to any government system or party.",
  "_version": "1.0.0",
  "economy": {
    "gdp": {
      "base_growth": 0.011478042640280003,
      "momentum_factor": 0.40050554199820043,
      "mean_reversion_speed": 0.006337467156788035,
      "base_growth_weight": 1.9327797619084965,
      "business_dereg_boost": 0.10985598116162539,
      "infra_boost": 0.09611643780523664,
      "rd_boost": 0.43612315177722866,
      "rd_baseline": 0.012854500256511726,
      "demo_working_age_effect": 0.0902047396076399,
      "demo_working_age_baseline": 0.7542419438389579,
      "debt_drag_threshold": 0.7227139201140578,
      "debt_drag_coeff": -0.003293293455385722,
      "tourism_effect": 0.07040861662572698,
      "tourism_baseline": 0.06347903773872597,
      "regulation_drag": -0.01973721926517751,
      "shock_std": 0.008,
      "growth_min": -0.08,
      "growth_max": 0.08
    },
    "inflation": {
      "base_rate": 0.006987826501099096,
      "spending_pressure_coeff": 0.30307226323859343,
      "demand_pull_coeff": 0.2234210436850797,
      "demand_pull_threshold": 0.019825138360751143,
      "monetary_coeff": -0.24485386006503113,
      "monetary_baseline": 0.020950744198865466,
      "shock_std": 0.003,
      "min": -0.01,
      "max": 0.1
    },
    "unemployment": {
      "okun_coeff": -0.19210199206159007,
      "okun_trend": 0.03955521219524344,
      "labor_reg_effect": 0.011567156246574914,
      "business_dereg_effect": 0.00478260270361511,
      "immigration_effect": 0.005518869406848336,
      "shock_std": 0.004,
      "min": 0.03,
      "max": 0.3,
      "youth_multiplier": 1.7872922652864203,
      "youth_shock_std": 0.01,
      "youth_min": 0.08,
      "youth_max": 0.55
    },
    "government_finances": {
      "tax_auto_stabilizer": 0.05780572793929749,
      "tax_min": 0.3,
      "tax_max": 0.5,
      "pension_pressure_threshold": 0.13377544000029848,
      "pension_pressure_coeff": 0.003501132628945254,
      "unemployment_auto_stabilizer_threshold": 0.09864469016657942,
      "unemployment_auto_stabilizer_coeff": 0.05350690081694266,
      "other_spending": 0.032384788723030467,
      "austerity_threshold": 0.8553299664269316,
      "austerity_spending_coeff": 0.09938472303901714,
      "austerity_tax_coeff": 0.2170518162802401,
      "spending_min": 0.35,
      "spending_max": 0.6,
      "surplus_debt_reduction": 3.10859376051214,
      "debt_min": 0.0,
      "debt_max": 2.5
    },
    "wages": {
      "gdp_passthrough": 1.0786725325063717,
      "inflation_passthrough": 0.8392565414788147,
      "min_wage_inflation_floor": 0.9647367369455706
    },
    "housing": {
      "demand_pressure_coeff": 19.494637731458972,
      "immigration_pressure_coeff": 0.6709940842580571,
      "interest_rate_effect": -131.55688825459492,
      "interest_rate_baseline": 0.016656865992064018,
      "shock_std": 2,
      "min": 50
    },
    "tourism": {
      "env_regulation_effect": -0.004645957803898908,
      "stability_effect_coeff": 0.0008477054866399666,
      "stability_baseline": 42.655481285766804,
      "shock_std": 0.003,
      "min": 0.05,
      "max": 0.18
    },
    "interest_rate": {
      "inflation_response": 0.08252130474031201,
      "inflation_target": 0.017130853220771534,
      "min": 0.0,
      "max": 0.08
    }
  },
  "demographics": {
    "fertility": {
      "affordability_coeff": 0.004943043619329464,
      "affordability_baseline": 55.472748887386096,
      "social_protection_coeff": 0.5809909552052883,
      "social_protection_baseline": 0.22735806805735523,
      "unemployment_coeff": -0.3468695760177863,
      "unemployment_baseline": 0.1018883145492946,
      "shock_std": 0.01,
      "min": 0.8,
      "max": 2.5
    },
    "life_expectancy": {
      "healthcare_coeff": 0.5448656824488003,
      "healthcare_baseline": 0.05736960581724726,
      "wealth_coeff": 0.0854626269560551,
      "shock_std": 0.05,
      "min": 75,
      "max": 95
    },
    "migration": {
      "pull_factor_coeff": 3.1168766184370704,
      "openness_coeff": 9.313604790494644,
      "openness_baseline": 1.1614250364386622,
      "shock_std": 0.5,
      "min": -5,
      "max": 15
    },
    "population": {
      "natural_growth_replacement": 1.631181190954037,
      "natural_growth_coeff": 0.012413093498857598
    },
    "age_structure": {
      "aging_rate": 0.0016070242406176429,
      "fertility_offset_coeff": 0.00048119684069589244,
      "fertility_offset_baseline": 1.5806045003341154,
      "migration_youth_factor": 0.26259751025794975,
      "migration_youth_under15": 0.046023698856902814,
      "over65_shock_std": 0.0005,
      "under15_shock_std": 0.0003,
      "over65_min": 0.1,
      "over65_max": 0.4,
      "under15_min": 0.08,
      "under15_max": 0.25,
      "median_age_aging_scale": 9.897362242622613,
      "median_age_migration_scale": 5.677156512107137
    }
  },
  "social": {
    "inequality": {
      "unemployment_coeff": 0.004434916628606337,
      "unemployment_baseline": 0.10416524663480038,
      "tax_coeff": -0.007834062954569192,
      "tax_baseline": 0.44163131599273264,
      "shock_std": 0.002,
      "min": 0.2,
      "max": 0.5
    },
    "poverty": {
      "base": 0.08514862883150788,
      "gini_coeff": 0.27235937036727625,
      "unemployment_coeff": 0.19063603442187113,
      "shock_std": 0.005,
      "min": 0.05,
      "max": 0.4
    },
    "life_satisfaction": {
      "income_weight": 0.258736270049247,
      "income_baseline": 17258.715480307448,
      "income_scale": 5966.48288695553,
      "employment_weight": 0.18973534125885194,
      "employment_scale": 32.05461471257068,
      "health_weight": 0.17997605041779316,
      "health_scale": 123.34609452659231,
      "housing_weight": 0.17836694511179105,
      "housing_scale": 13.505958490058102,
      "safety_weight": 0.13380158862832675,
      "safety_scale": 18.026218043797808,
      "equality_weight": 0.1019062586521144,
      "equality_scale": 16.58819790618324,
      "governance_weight": 0.08081487830525558,
      "governance_scale": 13.479187741973474,
      "adaptation_speed": 0.6979375235437629,
      "shock_std": 0.1,
      "min": 1,
      "max": 10
    },
    "trust": {
      "effectiveness_coeff": 0.0008225584213324953,
      "effectiveness_baseline": 130.04070716948743,
      "economy_growth_coeff": 0.3167949384096102,
      "economy_unemployment_coeff": -0.17832365182288815,
      "economy_unemployment_baseline": 0.1371086524556801,
      "corruption_coeff": 0.0011387626993513236,
      "corruption_baseline": 86.12541563487665,
      "stability_coeff": 0.026104439374507443,
      "stability_baseline": 1.1900731527858825,
      "polarization_drag": -0.004266479539061939,
      "shock_std": 0.01,
      "min": 0.1,
      "max": 0.55
    },
    "housing_affordability": {
      "base": 42.31597381407653,
      "price_coeff": -0.07986293447100963,
      "price_baseline": 129.15984480348192,
      "wage_coeff_divisor": 5659.3291759137155,
      "wage_baseline": 29596.68250061187,
      "shock_std": 1,
      "min": 10,
      "max": 90
    },
    "education_quality": {
      "spending_coeff": 402.74554337086397,
      "spending_baseline": 0.038152170863305385,
      "change_rate": 0.10968095250603381,
      "shock_std": 0.3,
      "min": 30,
      "max": 95
    },
    "healthcare_quality": {
      "spending_coeff": 132.73903759925426,
      "spending_baseline": 0.05470522940517338,
      "aging_coeff": -53.09853701940459,
      "aging_baseline": 0.25335578021669025,
      "change_rate": 0.11870478019980689,
      "shock_std": 0.3,
      "min": 30,
      "max": 98
    },
    "regional_tensions": {
      "decentralization_coeff": -10.312098313951365,
      "shock_std": 1,
      "min": 5,
      "max": 95
    },