{
  "_description": "Default model weights — every tunable coefficient in the simulation engine. These define the 'physics' of how a country's economy, demographics, and society interact. They are NOT tied to any government system or party.",
  "_version": "1.0.0",
  "economy": {
    "gdp": {
      "base_growth": 0.00012438624888894283,
      "momentum_factor": 0.03888577572693475,
      "mean_reversion_speed": 0.007845780317200587,
      "base_growth_weight": 11.962784069186542,
      "business_dereg_boost": 0.9515983130058733,
      "infra_boost": 0.8804466125533,
      "rd_boost": 0.7081448428167777,
      "rd_baseline": 0.00028740880162537357,
      "demo_working_age_effect": 0.0019061323286980588,
      "demo_working_age_baseline": 0.7659536701201638,
      "debt_drag_threshold": 6.186781901138866,
      "debt_drag_coeff": -0.011618512352236649,
      "tourism_effect": 2.906544861062183e-05,
      "tourism_baseline": 0.9240711116897529,
      "regulation_drag": -0.03799944693728948,
      "shock_std": 0.008,
      "growth_min": -0.08,
      "growth_max": 0.08
    },
    "inflation": {
      "base_rate": -0.002000137443728357,
      "spending_pressure_coeff": -0.003128581123056945,
      "demand_pull_coeff": 1.9159338157113888,
      "demand_pull_threshold": 0.03844384101414607,
      "monetary_coeff": 0.7245102798037778,
      "monetary_baseline": 2.116641414234838e-05,
      "shock_std": 0.003,
      "min": -0.01,
      "max": 0.1,
      "inertia": 0.09660384160666681
    },
    "unemployment": {
      "okun_coeff": -0.0017710731445666932,
      "okun_trend": 0.970480142345653,
      "labor_reg_effect": 0.1796559981356619,
      "business_dereg_effect": 0.008963948680725612,
      "immigration_effect": -0.00649346083478364,
      "shock_std": 0.004,
      "min": 0.03,
      "max": 0.3,
      "youth_multiplier": 1.5265692989549704,
      "youth_shock_std": 0.01,
      "youth_min": 0.08,
      "youth_max": 0.55
    },
    "government_finances": {
      "tax_auto_stabilizer": -0.0003151275467606603,
      "tax_min": 0.3,
      "tax_max": 0.5,
      "pension_pressure_threshold": -0.003015732982989754,
      "pension_pressure_coeff": 0.032323049236934756,
      "unemployment_auto_stabilizer_threshold": 0.20513283622996645,
      "unemployment_auto_stabilizer_coeff": 3.2253287997801863,
      "other_spending": 0.025220191921151144,
      "austerity_threshold": 0.001986661705190126,
      "austerity_spending_coeff": 0.10017176224375617,
      "austerity_tax_coeff": 0.042668003253220954,
      "spending_min": 0.35,
      "spending_max": 0.6,
      "surplus_debt_reduction": 259.8454550910971,
      "debt_min": 0.0,
      "debt_max": 2.5
    },
    "wages": {
      "gdp_passthrough": 0.7465223702873957,
      "inflation_passthrough": 0.764316282438231,
      "min_wage_inflation_floor": 6.359415186779463
    },
    "housing": {
      "demand_pressure_coeff": 14.585630050732009,
      "immigration_pressure_coeff": 1.0342444267505093,
      "interest_rate_effect": -459.81379618887433,
      "interest_rate_baseline": 0.005153021933671626,
      "shock_std": 2,
      "min": 50
    },
    "tourism": {
      "env_regulation_effect": -0.004533489702877461,
      "stability_effect_coeff": 0.0017011179774949169,
      "stability_baseline": 0.018340808545889865,
      "shock_std": 0.003,
      "min": 0.05,
      "max": 0.18
    },
    "interest_rate": {
      "inflation_response": 0.009960033802335348,
      "inflation_target": 0.818014585430592,
      "min": 0.0,
      "max": 0.08,
      "regimes": [
        {
          "start_year": 1994,
          "end_year": 1998,
          "target_rate": 0.06,
          "label": "Pre-Euro BoS convergence"
        },
        {
          "start_year": 1999,
          "end_year": 2001,
          "target_rate": 0.035,
          "label": "Early Euro"
        },
        {
          "start_year": 2002,
          "end_year": 2005,
          "target_rate": 0.02,
          "label": "Low rates era"
        },
        {
          "start_year": 2006,
          "end_year": 2008,
          "target_rate": 0.04,
          "label": "Pre-crisis tightening"
        },
        {
          "start_year": 2009,
          "end_year": 2015,
          "target_rate": 0.005,
          "label": "Crisis near-zero"
        },
        {
          "start_year": 2016,
          "end_year": 2021,
          "target_rate": 0.0,
          "label": "Negative/zero rate era"
        },
        {
          "start_year": 2022,
          "end_year": 2024,
          "target_rate": 0.04,
          "label": "Post-COVID tightening"
        },
        {
          "start_year": 2025,
          "end_year": 2100,
          "target_rate": 0.03,
          "label": "Projected neutral rate"
        }
      ],
      "regime_convergence_speed": 0.3
    },
    "structural_unemployment": {
      "initial_floor": 0.18,
      "floor_decay_per_year": 0.004,
      "floor_min": 0.06,
      "labor_reform_effect": 0.3,
      "boom_absorption_rate": 0.5,
      "hysteresis_coeff": 0.1
    }
  },
  "demographics": {
    "fertility": {
      "affordability_coeff": 2.444519140088839e-05,
      "affordability_baseline": 324.4927965856934,
      "social_protection_coeff": -0.0783939141715193,
      "social_protection_baseline": 0.10137962475854477,
      "unemployment_coeff": 0.06052536930901049,
      "unemployment_baseline": 0.004178523143693589,
      "shock_std": 0.01,
      "min": 0.8,
      "max": 2.5,
      "immigration_fertility_boost": 0.008
    },
    "life_expectancy": {
      "healthcare_coeff": -0.0038987912339323518,
      "healthcare_baseline": -7.08736151358247e-07,
      "wealth_coeff": 11.240904164538629,
      "shock_std": 0.05,
      "min": 75,
      "max": 95
    },
    "migration": {
      "pull_factor_coeff": -0.28026276137634987,
      "openness_coeff": 1.1280187892344764,
      "openness_baseline": 0.3530823397634063,
      "shock_std": 0.5,
      "min": -5,
      "max": 15,
      "gdp_pull_baseline": 55610.30039328926,
      "gdp_pull_coeff": 0.8678594208975133
    },
    "population": {
      "natural_growth_replacement": 0.33171423237937997,
      "natural_growth_coeff": 0.002215724334311823
    },
    "age_structure": {
      "aging_rate": 0.0023898007423290655,
      "fertility_offset_coeff": 0.0005481298005250176,
      "fertility_offset_baseline": 0.30407390893073666,
      "migration_youth_factor": 5.319037626887127,
      "migration_youth_under15": 1.288037527899031,
      "over65_shock_std": 0.0005,
      "under15_shock_std": 0.0003,
      "over65_min": 0.1,
      "over65_max": 0.4,
      "under15_min": 0.08,
      "under15_max": 0.25,
      "median_age_aging_scale": 6.069705454058483,
      "median_age_migration_scale": 0.06894676999498912
    }
  },
  "social": {
    "inequality": {
      "unemployment_coeff": 7.170989227858531e-06,
      "unemployment_baseline": -13.049646866519964,
      "tax_coeff": -0.002673320422035131,
      "tax_baseline": 0.4719134516061582,
      "shock_std": 0.002,
      "min": 0.2,
      "max": 0.5
    },
    "poverty": {
      "base": 0.18742748524033215,
      "gini_coeff": 0.1183483615281981,
      "unemployment_coeff": -0.1547543793848615,
      "shock_std": 0.005,
      "min": 0.05,
      "max": 0.4
    },
    "life_satisfaction": {
      "income_weight": 0.1960208544560449,
      "income_baseline": 43032.82619514146,
      "income_scale": 121.30688377632507,
      "employment_weight": 0.06571173440990924,
      "employment_scale": -0.003656150487718316,
      "health_weight": 0.008019136516939994,
      "health_scale": 79.89270976964795,
      "housing_weight": 0.0032229227455267584,
      "housing_scale": 1.5240165285112617,
      "safety_weight": 0.009835370325375011,
      "safety_scale": 100557408058.10634,
      "equality_weight": 0.015955858583583116,
      "equality_scale": 170.20638435268262,
      "governance_weight": 0.33383422216816716,
      "governance_scale": 1.2401741495352852,