{
  "_description": "Default model weights — every tunable coefficient in the simulation engine. These define the 'physics' of how a country's economy, demographics, and society interact. They are NOT tied to any government system or party.",
  "_version": "1.0.0",
  "economy": {
    "gdp": {
      "base_growth": 0.00012982192932193596,
      "momentum_factor": 0.025097661723287926,
      "mean_reversion_speed": 0.00963407671889457,
      "base_growth_weight": 5.7492002114767375,
      "business_dereg_boost": 0.9043413261037879,
      "infra_boost": 0.42567995906915856,
      "rd_boost": 1.096683058141571,
      "rd_baseline": 0.00021154845752653143,
      "demo_working_age_effect": 0.001921730101243415,
      "demo_working_age_baseline": 0.8557318284442529,
      "debt_drag_threshold": 4.487013054790606,
      "debt_drag_coeff": -0.010774112583850885,
      "tourism_effect": 9.758402919756902e-05,
      "tourism_baseline": 0.445801938526343,
      "regulation_drag": -0.07572793327387667,
      "shock_std": 0.008,
      "growth_min": -0.08,
      "growth_max": 0.08
    },
    "inflation": {
      "base_rate": -0.004485728458352833,
      "spending_pressure_coeff": -0.0017008452388017601,
      "demand_pull_coeff": 2.1160529752215176,
      "demand_pull_threshold": 0.03665279413775689,
      "monetary_coeff": 0.595486381781262,
      "monetary_baseline": 0.00030194927993537174,
      "shock_std": 0.003,
      "min": -0.01,
      "max": 0.1
    },
    "unemployment": {
      "okun_coeff": -0.001532861849342908,
      "okun_trend": 0.958361268256925,
      "labor_reg_effect": 0.005372178138706896,
      "business_dereg_effect": 7.27324578292187e-07,
      "immigration_effect": 0.001310953414128522,
      "shock_std": 0.004,
      "min": 0.03,
      "max": 0.3,
      "youth_multiplier": 1.4558266227500536,
      "youth_shock_std": 0.01,
      "youth_min": 0.08,
      "youth_max": 0.55
    },
    "government_finances": {
      "tax_auto_stabilizer": 2.9152679668011686e-05,
      "tax_min": 0.3,
      "tax_max": 0.5,
      "pension_pressure_threshold": 0.00011626706261956846,
      "pension_pressure_coeff": 0.005560971161678609,
      "unemployment_auto_stabilizer_threshold": 0.19121331336423553,
      "unemployment_auto_stabilizer_coeff": 0.13199377241870355,
      "other_spending": 0.14032663250354127,
      "austerity_threshold": 0.004067529228557671,
      "austerity_spending_coeff": 0.18305956395747958,
      "austerity_tax_coeff": 0.028032316010082308,
      "spending_min": 0.35,
      "spending_max": 0.6,
      "surplus_debt_reduction": 175.51490967239178,
      "debt_min": 0.0,
      "debt_max": 2.5
    },
    "wages": {
      "gdp_passthrough": 1.3865010020460797,
      "inflation_passthrough": 1.2493875921617277,
      "min_wage_inflation_floor": 3.781478386684913
    },
    "housing": {
      "demand_pressure_coeff": 10.381051191197958,
      "immigration_pressure_coeff": 0.31539505679792434,
      "interest_rate_effect": -578.4147338323977,
      "interest_rate_baseline": 0.003599495366398197,
      "shock_std": 2,
      "min": 50
    },
    "tourism": {
      "env_regulation_effect": -0.009865657038229236,
      "stability_effect_coeff": 0.003984060585420657,
      "stability_baseline": 0.6382604191638503,
      "shock_std": 0.003,
      "min": 0.05,
      "max": 0.18
    },
    "interest_rate": {
      "inflation_response": 0.061210739572417606,
      "inflation_target": 0.0005460545507849645,
      "min": 0.0,
      "max": 0.08
    }
  },
  "demographics": {
    "fertility": {
      "affordability_coeff": 4.460504001393252e-05,
      "affordability_baseline": 188.375849915745,
      "social_protection_coeff": 0.0031768030389227177,
      "social_protection_baseline": 0.05714498110719739,
      "unemployment_coeff": 0.010309161118159285,
      "unemployment_baseline": 7.766475809561769e-07,
      "shock_std": 0.01,
      "min": 0.8,
      "max": 2.5
    },
    "life_expectancy": {
      "healthcare_coeff": 0.012766907118812721,
      "healthcare_baseline": -0.039741776660095325,
      "wealth_coeff": 11.774029061321826,
      "shock_std": 0.05,
      "min": 75,
      "max": 95
    },
    "migration": {
      "pull_factor_coeff": -0.005604318605342242,
      "openness_coeff": 0.9989262501304221,
      "openness_baseline": 0.12890058554437478,
      "shock_std": 0.5,
      "min": -5,
      "max": 15
    },
    "population": {
      "natural_growth_replacement": 0.26544784027267143,
      "natural_growth_coeff": 0.001631998253236097
    },
    "age_structure": {
      "aging_rate": 0.002415110296224646,
      "fertility_offset_coeff": 0.0005427605495040706,
      "fertility_offset_baseline": 0.2682773740135164,
      "migration_youth_factor": 5.85002953041823,
      "migration_youth_under15": 1.026430937332767,
      "over65_shock_std": 0.0005,
      "under15_shock_std": 0.0003,
      "over65_min": 0.1,
      "over65_max": 0.4,
      "under15_min": 0.08,
      "under15_max": 0.25,
      "median_age_aging_scale": 5.478632961270841,
      "median_age_migration_scale": 0.06363560405614097
    }
  },
  "social": {
    "inequality": {
      "unemployment_coeff": 0.00012447893684217786,
      "unemployment_baseline": -0.003864645196696842,
      "tax_coeff": -0.0034148016884341294,
      "tax_baseline": 0.4740735258085476,
      "shock_std": 0.002,
      "min": 0.2,
      "max": 0.5
    },
    "poverty": {
      "base": 0.185350022008525,
      "gini_coeff": 0.09623660945482569,
      "unemployment_coeff": -0.0873676840210131,
      "shock_std": 0.005,
      "min": 0.05,
      "max": 0.4
    },
    "life_satisfaction": {
      "income_weight": 0.2947563697588857,
      "income_baseline": 13678.80346686019,
      "income_scale": 38.23087467762992,
      "employment_weight": 0.1568441775573861,
      "employment_scale": -0.0029991005521074125,
      "health_weight": 0.010881469978246646,
      "health_scale": 345.62607958387116,
      "housing_weight": 0.014300655221395012,
      "housing_scale": 1.3312816399518015,
      "safety_weight": 0.014442037279807677,
      "safety_scale": 21198055660.96308,
      "equality_weight": 0.03416369099036142,
      "equality_scale": 156.06049471022408,
      "governance_weight": 0.3711942443897052,
      "governance_scale": 0.753801264812542,
      "adaptation_speed": 0.04852346538492445,
      "shock_std": 0.1,
      "min": 1,
      "max": 10
    },
    "trust": {
      "effectiveness_coeff": 0.0035334252077592527,
      "effectiveness_baseline": 1.7751789762557453,
      "economy_growth_coeff": 0.719348481995496,
      "economy_unemployment_coeff": -0.14432493437392657,
      "economy_unemployment_baseline": 0.2514721811324386,
      "corruption_coeff": 0.004783237969150208,
      "corruption_baseline": 470.1913784590597,
      "stability_coeff": 0.0008284067570773484,
      "stability_baseline": 1.6794632618592495,
      "polarization_drag": -4.266479539061939e-05,
      "shock_std": 0.01,
      "min": 0.1,
      "max": 0.55
    },
    "housing_affordability": {
      "base": 43.17648348303928,
      "price_coeff": -0.07421735421234708,
      "price_baseline": 108.90989578495503,
      "wage_coeff_divisor": 29312868.434329964,
      "wage_baseline": 796521.983729024,
      "shock_std": 1,
      "min": 10,
      "max": 90
    },
    "education_quality": {
      "spending_coeff": 1113.8497897196696,
      "spending_baseline": 0.00010215550748297147,
      "change_rate": 0.008049080467161962,
      "shock_std": 0.3,
      "min": 30,
      "max": 95
    },
    "healthcare_quality": {
      "spending_coeff": 2.519086420765935,
      "spending_baseline": 0.2815094562482954,
      "aging_coeff": -93.41701371637829,
      "aging_baseline": 0.8318583839117597,
      "change_rate": 0.007048388883957536,
      "shock_std": 0.3,
      "min": 30,
      "max": 98
    },
    "regional_tensions": {
      "decentralization_coeff": -0.13400237148159128,
      "shock_std": 1,
      "min": 5,
      "max": 95
    },