{
  "_description": "Default model weights — every tunable coefficient in the simulation engine. These define the 'physics' of how a country's economy, demographics, and society interact. They are NOT tied to any government system or party.",
  "_version": "1.0.0",
  "economy": {
    "gdp": {
      "base_growth": 0.008378018665521274,
      "momentum_factor": 0.24608894760666378,
      "mean_reversion_speed": 0.0020905502554535915,
      "base_growth_weight": 1.4800434753482685,
      "business_dereg_boost": 0.1335610585877166,
      "infra_boost": 0.06502743286091506,
      "rd_boost": 0.38118184257171916,
      "rd_baseline": 0.010611858306479316,
      "demo_working_age_effect": 0.14605587604298084,
      "demo_working_age_baseline": 0.6766619225754648,
      "debt_drag_threshold": 0.9459348215308647,
      "debt_drag_coeff": -0.004180638971915464,
      "tourism_effect": 0.08213073141109667,
      "tourism_baseline": 0.06404079087910493,
      "regulation_drag": -0.029418463876718346,
      "shock_std": 0.008,
      "growth_min": -0.08,
      "growth_max": 0.08
    },
    "inflation": {
      "base_rate": 0.003239900823118123,
      "spending_pressure_coeff": 0.1900967439586462,
      "demand_pull_coeff": 0.21993542313884148,
      "demand_pull_threshold": 0.015105042416946435,
      "monetary_coeff": -0.059351088015674514,
      "monetary_baseline": 0.018942255912719703,
      "shock_std": 0.003,
      "min": -0.01,
      "max": 0.1
    },
    "unemployment": {
      "okun_coeff": -0.06856387691390711,
      "okun_trend": 0.04500152591792886,
      "labor_reg_effect": 0.014804324021233285,
      "business_dereg_effect": 0.0054900268286629155,
      "immigration_effect": 0.0074258647031605444,
      "shock_std": 0.004,
      "min": 0.03,
      "max": 0.3,
      "youth_multiplier": 1.5872575785089538,
      "youth_shock_std": 0.01,
      "youth_min": 0.08,
      "youth_max": 0.55
    },
    "government_finances": {
      "tax_auto_stabilizer": 0.06764697536730414,
      "tax_min": 0.3,
      "tax_max": 0.5,
      "pension_pressure_threshold": 0.1618474991294084,
      "pension_pressure_coeff": 0.003543314349942423,
      "unemployment_auto_stabilizer_threshold": 0.1606646509008838,
      "unemployment_auto_stabilizer_coeff": 0.07708137950318585,
      "other_spending": 0.027522100612837955,
      "austerity_threshold": 1.1096671058992897,
      "austerity_spending_coeff": 0.03311940871702794,
      "austerity_tax_coeff": 0.2442268516269175,
      "spending_min": 0.35,
      "spending_max": 0.6,
      "surplus_debt_reduction": 4.04248636719877,
      "debt_min": 0.0,
      "debt_max": 2.5
    },
    "wages": {
      "gdp_passthrough": 1.4215027705869179,
      "inflation_passthrough": 0.45518927788061364,
      "min_wage_inflation_floor": 0.5777806218049149
    },
    "housing": {
      "demand_pressure_coeff": 9.100944637896522,
      "immigration_pressure_coeff": 0.059052714185254415,
      "interest_rate_effect": -190.1118098482918,
      "interest_rate_baseline": 0.009691002001159629,
      "shock_std": 2,
      "min": 50
    },
    "tourism": {
      "env_regulation_effect": -0.007503892230660198,
      "stability_effect_coeff": 0.0010686426599857692,
      "stability_baseline": 27.88378883230004,
      "shock_std": 0.003,
      "min": 0.05,
      "max": 0.18
    },
    "interest_rate": {
      "inflation_response": 0.08167020063245105,
      "inflation_target": 0.00021999201743587825,
      "min": 0.0,
      "max": 0.08
    }
  },
  "demographics": {
    "fertility": {
      "affordability_coeff": 0.004488560522683461,
      "affordability_baseline": 37.57717599841744,
      "social_protection_coeff": 0.2654336353383317,
      "social_protection_baseline": 0.24549574107991318,
      "unemployment_coeff": -0.27382152042621005,
      "unemployment_baseline": 0.10136511350995016,
      "shock_std": 0.01,
      "min": 0.8,
      "max": 2.5
    },
    "life_expectancy": {
      "healthcare_coeff": 0.37733994737508114,
      "healthcare_baseline": 0.057248955325371456,
      "wealth_coeff": 0.02978667127546037,
      "shock_std": 0.05,
      "min": 75,
      "max": 95
    },
    "migration": {
      "pull_factor_coeff": 0.5708709166976521,
      "openness_coeff": 8.744271514770938,
      "openness_baseline": 0.9397422372768746,
      "shock_std": 0.5,
      "min": -5,
      "max": 15
    },
    "population": {
      "natural_growth_replacement": 1.2385048405879164,
      "natural_growth_coeff": 0.018498041279761086
    },
    "age_structure": {
      "aging_rate": 0.0014279911911789028,
      "fertility_offset_coeff": 0.0005621583380052739,
      "fertility_offset_baseline": 1.1259326456649388,
      "migration_youth_factor": 0.1713574559845908,
      "migration_youth_under15": 0.033401560181657165,
      "over65_shock_std": 0.0005,
      "under15_shock_std": 0.0003,
      "over65_min": 0.1,
      "over65_max": 0.4,
      "under15_min": 0.08,
      "under15_max": 0.25,
      "median_age_aging_scale": 6.610071624077676,
      "median_age_migration_scale": 5.936177664585537
    }
  },
  "social": {
    "inequality": {
      "unemployment_coeff": 0.0029961728064098903,
      "unemployment_baseline": 0.14245456890461555,
      "tax_coeff": -0.00460529665094862,
      "tax_baseline": 0.21822897031936755,
      "shock_std": 0.002,
      "min": 0.2,
      "max": 0.5
    },
    "poverty": {
      "base": 0.07335270784175138,
      "gini_coeff": 0.27177799247761386,
      "unemployment_coeff": 0.23355529533265024,
      "shock_std": 0.005,
      "min": 0.05,
      "max": 0.4
    },
    "life_satisfaction": {
      "income_weight": 0.2533181154729183,
      "income_baseline": 11012.098174755258,
      "income_scale": 5045.593315949996,
      "employment_weight": 0.14968417233118567,
      "employment_scale": 40.8689970519129,
      "health_weight": 0.23219868947205533,
      "health_scale": 124.69291890199308,
      "housing_weight": 0.2572642771453946,
      "housing_scale": 15.02474865918361,
      "safety_weight": 0.11369755292501646,
      "safety_scale": 15.203550416435315,
      "equality_weight": 0.08590569378667579,
      "equality_scale": 11.904254904415225,
      "governance_weight": 0.054817214568462,
      "governance_scale": 17.567321763415947,
      "adaptation_speed": 0.8243462852809185,
      "shock_std": 0.1,
      "min": 1,
      "max": 10
    },
    "trust": {
      "effectiveness_coeff": 0.0006677929346034802,
      "effectiveness_baseline": 80.26642784985914,
      "economy_growth_coeff": 0.31333191289508155,
      "economy_unemployment_coeff": -0.23629581060974328,
      "economy_unemployment_baseline": 0.19350213735298252,
      "corruption_coeff": 0.0014705958546525721,
      "corruption_baseline": 102.02146546331034,
      "stability_coeff": 0.032304017502770656,
      "stability_baseline": 1.5863139079506563,
      "polarization_drag": -0.0038398215697106734,
      "shock_std": 0.01,
      "min": 0.1,
      "max": 0.55
    },
    "housing_affordability": {
      "base": 37.21797220145837,
      "price_coeff": -0.1374876872440116,
      "price_baseline": 151.9514852872795,
      "wage_coeff_divisor": 6405.110378203758,
      "wage_baseline": 33954.09404096645,
      "shock_std": 1,
      "min": 10,
      "max": 90
    },
    "education_quality": {
      "spending_coeff": 310.1367811912568,
      "spending_baseline": 0.039979549893441005,
      "change_rate": 0.1649863525583602,
      "shock_std": 0.3,
      "min": 30,
      "max": 95
    },
    "healthcare_quality": {
      "spending_coeff": 109.15956804520228,
      "spending_baseline": 0.05385944225079911,
      "aging_coeff": -43.499385831207356,
      "aging_baseline": 0.16355799976011776,
      "change_rate": 0.06422860099886836,
      "shock_std": 0.3,
      "min": 30,
      "max": 98
    },
    "regional_tensions": {
      "decentralization_coeff": -16.145273773465487,
      "shock_std": 1,
      "min": 5,
      "max": 95
    },