{
  "_description": "Default model weights — every tunable coefficient in the simulation engine. These define the 'physics' of how a country's economy, demographics, and society interact. They are NOT tied to any government system or party.",
  "_version": "1.0.0",
  "economy": {
    "gdp": {
      "base_growth": 0.00014619807040989943,
      "momentum_factor": 0.02465176430806674,
      "mean_reversion_speed": 0.006967265284907222,
      "base_growth_weight": 5.793126032228033,
      "business_dereg_boost": 0.921993823730961,
      "infra_boost": 0.41707738442436354,
      "rd_boost": 1.0973651631169379,
      "rd_baseline": 0.00019986394609505518,
      "demo_working_age_effect": 0.002340505556092718,
      "demo_working_age_baseline": 0.8120494958883563,
      "debt_drag_threshold": 4.331659004364229,
      "debt_drag_coeff": -0.010657151104128905,
      "tourism_effect": 0.000151063990486102,
      "tourism_baseline": 0.5526403667110276,
      "regulation_drag": -0.07147532809668522,
      "shock_std": 0.008,
      "growth_min": -0.08,
      "growth_max": 0.08
    },
    "inflation": {
      "base_rate": -0.004401377687735768,
      "spending_pressure_coeff": -0.0014651737671091416,
      "demand_pull_coeff": 2.556939352469709,
      "demand_pull_threshold": 0.03706170930520042,
      "monetary_coeff": 0.8922029803519571,
      "monetary_baseline": 0.00012715830224841986,
      "shock_std": 0.003,
      "min": -0.01,
      "max": 0.1
    },
    "unemployment": {
      "okun_coeff": -0.0014608892883966123,
      "okun_trend": 0.9490035865320332,
      "labor_reg_effect": 0.00429316118738462,
      "business_dereg_effect": 2.156823546780142e-06,
      "immigration_effect": 0.0015257559855494061,
      "shock_std": 0.004,
      "min": 0.03,
      "max": 0.3,
      "youth_multiplier": 1.4463712920997178,
      "youth_shock_std": 0.01,
      "youth_min": 0.08,
      "youth_max": 0.55
    },
    "government_finances": {
      "tax_auto_stabilizer": 3.4585239245974996e-05,
      "tax_min": 0.3,
      "tax_max": 0.5,
      "pension_pressure_threshold": 6.0325928761460225e-05,
      "pension_pressure_coeff": 0.005108417845457452,
      "unemployment_auto_stabilizer_threshold": 0.1894690032338017,
      "unemployment_auto_stabilizer_coeff": 0.1632425950336894,
      "other_spending": 0.15799943824908771,
      "austerity_threshold": 0.003331067768573553,
      "austerity_spending_coeff": 0.20069716614793862,
      "austerity_tax_coeff": 0.03418886224283731,
      "spending_min": 0.35,
      "spending_max": 0.6,
      "surplus_debt_reduction": 231.19646752566493,
      "debt_min": 0.0,
      "debt_max": 2.5
    },
    "wages": {
      "gdp_passthrough": 1.0133995302638041,
      "inflation_passthrough": 0.9319659011723355,
      "min_wage_inflation_floor": 3.8804010992021936
    },
    "housing": {
      "demand_pressure_coeff": 11.93719439898202,
      "immigration_pressure_coeff": 0.3378006622328369,
      "interest_rate_effect": -736.186975492137,
      "interest_rate_baseline": 0.004091045024493252,
      "shock_std": 2,
      "min": 50
    },
    "tourism": {
      "env_regulation_effect": -0.010750450388325181,
      "stability_effect_coeff": 0.004091175791692304,
      "stability_baseline": 0.655421805826298,
      "shock_std": 0.003,
      "min": 0.05,
      "max": 0.18
    },
    "interest_rate": {
      "inflation_response": 0.3966570424190618,
      "inflation_target": 0.0005179513362098941,
      "min": 0.0,
      "max": 0.08
    }
  },
  "demographics": {
    "fertility": {
      "affordability_coeff": 4.892192781161027e-05,
      "affordability_baseline": 192.31964101972505,
      "social_protection_coeff": 0.0006347489310005746,
      "social_protection_baseline": 0.012696878616026162,
      "unemployment_coeff": 0.015897609112695377,
      "unemployment_baseline": 9.9643914832283e-07,
      "shock_std": 0.01,
      "min": 0.8,
      "max": 2.5
    },
    "life_expectancy": {
      "healthcare_coeff": 0.021783218123240945,
      "healthcare_baseline": -0.15238177017184462,
      "wealth_coeff": 11.500065296258134,
      "shock_std": 0.05,
      "min": 75,
      "max": 95
    },
    "migration": {
      "pull_factor_coeff": -0.010990577170554282,
      "openness_coeff": 1.0478949981215775,
      "openness_baseline": 0.16387759091303863,
      "shock_std": 0.5,
      "min": -5,
      "max": 15
    },
    "population": {
      "natural_growth_replacement": 0.2545700707288598,
      "natural_growth_coeff": 0.0015303162243889027
    },
    "age_structure": {
      "aging_rate": 0.002477495510897132,
      "fertility_offset_coeff": 0.0005960977445210639,
      "fertility_offset_baseline": 0.18326983810147993,
      "migration_youth_factor": 6.888280935916725,
      "migration_youth_under15": 0.88326089553326,
      "over65_shock_std": 0.0005,
      "under15_shock_std": 0.0003,
      "over65_min": 0.1,
      "over65_max": 0.4,
      "under15_min": 0.08,
      "under15_max": 0.25,
      "median_age_aging_scale": 5.595396976778492,
      "median_age_migration_scale": 0.06410955120814361
    }
  },
  "social": {
    "inequality": {
      "unemployment_coeff": 5.873654731499228e-06,
      "unemployment_baseline": -3.611967447674406,
      "tax_coeff": -0.0035890009409627137,
      "tax_baseline": 0.48129180301256674,
      "shock_std": 0.002,
      "min": 0.2,
      "max": 0.5
    },
    "poverty": {
      "base": 0.19875366409751385,
      "gini_coeff": 0.09338468895185485,
      "unemployment_coeff": -0.168024255898051,
      "shock_std": 0.005,
      "min": 0.05,
      "max": 0.4
    },
    "life_satisfaction": {
      "income_weight": 0.3759098670094159,
      "income_baseline": 18959.09174471549,
      "income_scale": 140.65128372384734,
      "employment_weight": 0.160896818800688,
      "employment_scale": -0.0031307614811426033,
      "health_weight": 0.011130851651988648,
      "health_scale": 321.7488914015415,
      "housing_weight": 0.006573350546846734,
      "housing_scale": 1.393499254761546,
      "safety_weight": 0.010460318472435427,
      "safety_scale": 70953501188.84445,
      "equality_weight": 0.02323913691313045,
      "equality_scale": 152.87825678882803,
      "governance_weight": 0.32960259343064474,
      "governance_scale": 0.7503435110508359,
      "adaptation_speed": 0.03791833051351911,
      "shock_std": 0.1,
      "min": 1,
      "max": 10
    },
    "trust": {
      "effectiveness_coeff": 0.003701697500288172,
      "effectiveness_baseline": 1.7060539245146418,
      "economy_growth_coeff": 0.7024196414357495,
      "economy_unemployment_coeff": -0.15310292554859575,
      "economy_unemployment_baseline": 0.2537632487734103,
      "corruption_coeff": 0.004879881000150529,
      "corruption_baseline": 500.19683238500045,
      "stability_coeff": 0.0008099385857251935,
      "stability_baseline": 1.6882812812031134,
      "polarization_drag": -4.095929297819293e-05,
      "shock_std": 0.01,
      "min": 0.1,
      "max": 0.55
    },
    "housing_affordability": {
      "base": 41.861838004396766,
      "price_coeff": -0.09922757594876512,
      "price_baseline": 106.59856118457269,
      "wage_coeff_divisor": 5473015.300772635,
      "wage_baseline": 1982554.1238776215,
      "shock_std": 1,
      "min": 10,
      "max": 90
    },
    "education_quality": {
      "spending_coeff": 1168.123361369438,
      "spending_baseline": 0.001141635663003269,
      "change_rate": 0.007867862599386974,
      "shock_std": 0.3,
      "min": 30,
      "max": 95
    },
    "healthcare_quality": {
      "spending_coeff": 0.8388112348390948,
      "spending_baseline": 0.1741468654704628,
      "aging_coeff": -92.98011998262083,
      "aging_baseline": 0.8191112591756285,
      "change_rate": 0.007163203580688847,
      "shock_std": 0.3,
      "min": 30,
      "max": 98
    },
    "regional_tensions": {
      "decentralization_coeff": -0.13028203008412892,
      "shock_std": 1,
      "min": 5,
      "max": 95
    },